name,kind,entry_or_target,thumbnail
Game Suggestions,other,https://discord.com/channels/1400743472205398088/1412911144913604618,https://garbsoftball.com/png/games/forms.webp
1,local,/games/1/index.html,https://garbsoftball.com/png/games/1.webp
1 on 1 Soccer,local,/games/1on1soccer/index.html,https://garbsoftball.com/png/games/12.webp
10 Minutes Till Dawn,local,/games/10minutestilldawn/index.html,https://garbsoftball.com/png/games/10.webp
1v1.lol,local,/gamefile/1v1.html,https://garbsoftball.com/png/games/1v1.webp
2048,local,/games/2048/index.html,https://garbsoftball.com/png/games/2048.webp
20 Minutes Till Dawn,local,/games/20minutesbog/index.html,https://garbsoftball.com/png/games/20mtd.webp
30,local,/games/30dolar/index.html,https://garbsoftball.com/png/games/30.webp
"60 Seconds, Webport",local,/games/60/index.html,https://garbsoftball.com/png/games/60.webp
-3,local,/games/minus3/index.html,https://garbsoftball.com/png/games/minus3.webp
-b,local,/games/minusbog/index.html,https://garbsoftball.com/png/games/qq.webp
"A Difficult Game About Climbing, Webport",local,/gamefile/adgac.html,https://garbsoftball.com/png/games/adgac.webp
A Game About Feeding A Blackhole,local,/gamefile/blackhole.html,https://garbsoftball.com/png/games/blackhole.webp
A Small World Cup,local,/gamefile/aswc.html,https://garbsoftball.com/png/games/worldcup.webp
"Academytale, Webport",local,/games/academytale/index.html,https://garbsoftball.com/png/games/academytale.webp
Achievement Unlocked,local,/games/achieveunlocked/index.html,https://garbsoftball.com/png/games/achieve.webp
Achievement Unlocked 2,local,/games/achivement2/index.html,https://garbsoftball.com/png/games/au2.webp
Achievement Unlocked 3,local,/games/achivement3/index.html,https://garbsoftball.com/png/games/au3.webp
ADOFAI,local,/games/a-dance-of-fire-and-ice/index.html,https://garbsoftball.com/png/games/adofai.webp
Adventure Capitalist,local,/games/adventure/index.html,https://garbsoftball.com/png/games/adventure.webp
"Ages Of Conflict, Webport",local,/games/agesofconflict/index.html,https://garbsoftball.com/png/games/aoc.webp
Alien Hominid,local,/games/alien/index.html,https://garbsoftball.com/png/games/alien.webp
"Amanda the adventurer, Webport",local,/games/amanda-the-adventurer/index.html,https://garbsoftball.com/png/games/aman.webp
Among us,local,/games/sussy/index.html,https://garbsoftball.com/png/games/among.webp
Amaze,local,/games/amaze/index.html,https://garbsoftball.com/png/games/amaze.webp
Angry Birds,local,/gamefile/Angrybirds.html,https://garbsoftball.com/png/games/angry.webp
Angry Birds 2,local,/games/angrybirds2/index.html,https://garbsoftball.com/png/games/ab2.webp
"Angry Birds Epic, Webport",local,/games/Epic/index.html,https://garbsoftball.com/png/games/epic.webp
Angry Birds Online,local,/gamefile/angrybirdsonline.html,https://garbsoftball.com/png/games/angrybirdsonline.webp
"Animal Crossing Population: Growing!, Webport",local,/games/slider/index.html,https://garbsoftball.com/png/games/acpg.webp
Animal Crossing Wild World,local,/gamefile/acww.html,https://garbsoftball.com/png/games/acww.webp
Antonblast,local,/games/antonblast/runner.html,https://garbsoftball.com/png/games/anton.webp
"Antonblast 64, Webport",local,/games/antonblast64/index.html,https://garbsoftball.com/png/games/an64.webp
"Apes Vs Helium, Webport",local,/games/AVHPort/index.html,https://garbsoftball.com/png/games/avh.webp
"Apotheon, Webport",local,/games/Apotheon/index.html,https://garbsoftball.com/png/games/apotheon.webp
"Arthur's Nightmare, Webport",local,/gamefile/arthur.html,https://garbsoftball.com/png/games/arthursnight.webp
Bad Icecream 1,local,/gamefile/badice1.html,https://garbsoftball.com/png/games/badice1.webp
Bad Icecream 2,local,/gamefile/badice2.html,https://garbsoftball.com/png/games/badice2.webp
Bad Icecream 3,local,/gamefile/badice3.html,https://garbsoftball.com/png/games/badice3.webp
"Bad Parenting, Webport",local,/games/bad/index.html,https://garbsoftball.com/png/games/bad.webp
Bad Piggies,local,/gamefile/piggies.html,https://garbsoftball.com/png/games/badp.webp
Bad time Simulator,local,/games/bts/index.html,https://garbsoftball.com/png/games/badt.webp
"Balatro, Webport",local,/games/balatro/index.html,https://garbsoftball.com/png/games/bal.webp
"Balatro Modded, Webport",local,/games/balatromodded/,https://garbsoftball.com/png/games/balatromodded.webp
Baldi's Basics,local,/games/baldis-basics/index.html,https://garbsoftball.com/png/games/baldi.webp
"Baldi's Basics Birthday Bash, Webport",local,/games/bday/index.html,https://garbsoftball.com/png/games/bday.webp
"Baldi's Basics Classic Remastered, Webport",local,/games/BBCR/index.html,https://garbsoftball.com/png/games/baldire.webp
"Baldi's Basics Plus, Webport",local,/gamefile/bbp.html,https://garbsoftball.com/png/games/baldiplus.webp
Baldi's Fun New School Plus Ultimate Edition,local,/games/bfs/,https://garbsoftball.com/png/games/bfs.webp
Baldi's Basics Ultra Decompile,local,/gamefile/baldidecomp.html,https://garbsoftball.com/png/games/bbudc.webp
"Baldurs Gate 2, Webport",local,/games/baldurs-gate-2/index.html,https://garbsoftball.com/png/games/gate2.webp
Banjo Kazooie,local,/gamefile/banjokazooie.html,https://garbsoftball.com/png/games/banjokazooie.webp
Bart Bash,local,/gamefile/bartbash.html,https://garbsoftball.com/png/games/bartbash.webp
Bart Blast,local,/gamefile/bart.html,https://garbsoftball.com/png/games/bart.webp
Baseball Bros,local,/games/baseballbros/index.html,https://garbsoftball.com/png/games/basebros.webp
Basket Bros,local,/gamefile/basket.html,https://garbsoftball.com/png/games/basketbro.webp
Basket Random,local,/games/basket-random/index.html,https://garbsoftball.com/png/games/basket.webp
Basketball stars,local,/games/basketballstars/index.html,https://garbsoftball.com/png/games/basketstars.webp
"Beatblock, Webport",local,/games/beatblock/index.html,https://garbsoftball.com/png/games/beatblock.webp
Bee Movie Game,local,/games/beemovie/index.html,https://garbsoftball.com/png/games/bee.webp
"Bendy And The Ink Machine, Webport",local,/games/bendy/index.html,https://garbsoftball.com/png/games/bendy.webp
"Bergentruck, Webport",local,/games/bergentruck/index.html,https://garbsoftball.com/png/games/ber.webp
Bfdia 5b,local,/games/bfdia 5b/index.html,https://garbsoftball.com/png/games/bfdia5b.webp
Big Tower Tiny Square,local,/games/btts/index.html,https://garbsoftball.com/png/games/btt.webp
Bitlife,local,/games/bitlife/index.html,https://garbsoftball.com/png/games/bit.webp
Black Hole Fishing,local,/games/bhf/single.html,https://garbsoftball.com/png/games/bhf.webp
Black Jack,local,/gamefile/BlackJack.html,https://garbsoftball.com/png/games/blackjack.webp
Block Blast,local,/games/block-blast/index.html,https://garbsoftball.com/png/games/unnamed.webp
"Bloodmoney, Webport",local,/games/bloodmoney/index.html,https://garbsoftball.com/png/games/blood.webp
Bloon TD1,local,/games/bloonstd/index.html,https://garbsoftball.com/png/games/bloons.webp
Bloon TD2,local,/games/bloonstd2/index.html,https://garbsoftball.com/png/games/blo2.webp
Bloon TD3,local,/games/btd3/index.html,https://garbsoftball.com/png/games/blo3.webp
Bloon TD4,local,/gamefile/bloonstd4.html,https://garbsoftball.com/png/games/btd4.webp
Bloons TD5,local,/games/btd5/index.html,https://garbsoftball.com/png/games/blo5.webp
Bloons TD6,local,/games/btd6/index.html,https://garbsoftball.com/png/games/blo6.webp
Bloons TD Battles 2,proxy,https://nowgg.fun/apps/ninja-kiwi/1403/bloons-td-battles-2.html,https://garbsoftball.com/png/games/bloonstdb2.webp
Bloxors,local,/games/bloxors/index.html,https://garbsoftball.com/png/games/bloxorz.webp
Bombmerman,local,/gamefile/bomberman.html,https://garbsoftball.com/png/games/bomberman.webp
Bombmerman 2,local,/gamefile/bomberman2.html,https://garbsoftball.com/png/games/bomberman2.webp
Bonk.io,proxy,https://bonk.io/,https://garbsoftball.com/png/games/bonkio.webp
Boxing Random,local,/gamefile/boxing.html,https://garbsoftball.com/png/games/boxing.webp
"Brotato Paws And Claws, Webport",local,/games/brotato2/index.html,https://garbsoftball.com/png/games/paws.webp
"Buckshot Roulette, Webport",local,/games/buckshot/index.html,https://garbsoftball.com/png/games/buck.webp
Burrito Bison,local,/games/burrito/index.html,https://garbsoftball.com/png/games/burrito.webp
Burrito Bison Revenge,local,/gamefile/bbe.html,https://garbsoftball.com/png/games/bbe.webp
Call of Duty Mobile,proxy,https://nowgg.fun/apps/a/10008/b.html,https://garbsoftball.com/png/games/codmobile.webp
Call of Duty 4 Modern Warfare,local,/games/cod4mw/index.html,https://garbsoftball.com/png/games/cod4mw.webp
"Capuchin, Webport",local,/games/CapuchinBog/index.html,https://garbsoftball.com/png/games/capuchin.webp
"CaseOhs Basics in Eating and Fast Food, Webport",local,/gamefile/caseoh.html,https://garbsoftball.com/png/games/caseoh.webp
Cat Goes Fishing,local,/games/catfish/index.html,https://garbsoftball.com/png/games/catgoesfishing.webp
"Celeste, Webport",local,/games/celeste/index.html,https://garbsoftball.com/png/games/celeste.webp
"Celeste 3D, Webport",local,/games/celeste3d/index.html,https://garbsoftball.com/png/games/celeste3d.webp
"Celeste 64, Webport",local,/games/celeste64/index.html,https://garbsoftball.com/png/games/celeste64.webp
"Cheese Rolling, Webport",local,/gamefile/cheese.html,https://garbsoftball.com/png/games/cheeser.webp
Chess.com,proxy,https://chess.com,https://garbsoftball.com/png/games/chess.webp
"Christmas Massacre, Webport",local,/gamefile/christmas.html,https://garbsoftball.com/png/games/christmas.webp
"Class Of 09, Webport",local,/games/C09/index.html,https://garbsoftball.com/png/games/class.webp
"Class Of 09 Flipside, Webport",local,/games/C09FS/index.html,https://garbsoftball.com/png/games/flip.webp
"Class Of 09 Re-Up, Webport",local,/games/C09RU/index.html,https://garbsoftball.com/png/games/reup.webp
Clover Pit,local,/gamefile/cloverpit.html,https://garbsoftball.com/png/games/clover.webp
"Cluster Truck, Webport",local,/games/clustertruck/index.html,https://garbsoftball.com/png/games/cluster.webp
Coffee Talk,local,/games/coffee/index.html,https://garbsoftball.com/png/games/coffee.webp
Cookie Clicker,local,/games/cookie-clicker/index.html,https://garbsoftball.com/png/games/cookie.webp
Cookie Run Kingdom,proxy,https://nowgg.fun/apps/a/10019/b.html,https://garbsoftball.com/png/games/crk.webp
Cooking Mama,local,/gamefile/cookingmama.html,https://garbsoftball.com/png/games/cookingmama.webp
Cooking Mama 2,local,/gamefile/cookingmama2.html,https://garbsoftball.com/png/games/cookingmama2.webp
Cooking Mama 3,local,/gamefile/cookingmama3.html,https://garbsoftball.com/png/games/cookingmama3.webp
Counter Stike 0.8,local,/games/psp/cs/index.html,https://garbsoftball.com/png/games/cs08.webp
Crash Bandicoot 1,local,/gamefile/crash1.html,https://garbsoftball.com/png/games/crash1.webp
Crash Bandicoot 2,local,/gamefile/crash2.html,https://garbsoftball.com/png/games/crash2.webp
Crash Bandicoot 3,local,/gamefile/crash3.html,https://garbsoftball.com/png/games/crash3.webp
Crazy Balls,local,/gamefile/balls.html,https://garbsoftball.com/png/games/balls.webp
"Crashout Crew, Webport",local,/games/crashout/index.html,https://garbsoftball.com/png/games/crash.webp
"CrazyCattle3D, Webport",local,/games/cattle3d/index.html,https://garbsoftball.com/png/games/crazyca.webp
Crossy Roads,local,/gamefile/crossy.html,https://garbsoftball.com/png/games/crossy.webp
"Cruelty Squad, Webport",local,/games/cruelty/index.html,https://garbsoftball.com/png/games/cruelty.webp
Csgo Clicker,local,/games/csgo-clicker/index.html,https://garbsoftball.com/png/games/csbox.webp
"Cuphead, Webport",local,/games/Cuphead/index.html,https://garbsoftball.com/png/games/cup.webp
"Customer Support, Webport",local,/games/CustomerSupport/index.html,https://garbsoftball.com/png/games/cus.webp
Cut The Rope,local,/gamefile/cut.html,https://garbsoftball.com/png/games/cut1.webp
Cut The Rope : Time Travel,local,/gamefile/time.html,https://garbsoftball.com/png/games/time.webp
Cut The Rope Holiday,local,/gamefile/hol.html,https://garbsoftball.com/png/games/cut2.webp
Dadish,local,/gamefile/dadish.html,https://garbsoftball.com/png/games/dadish.webp
Dadish 2,local,/gamefile/dadish2.html,https://garbsoftball.com/png/games/dadish2.webp
Dadish 3,local,/gamefile/dadish3.html,https://garbsoftball.com/png/games/dadish3.webp
Dadish 3d,local,/gamefile/dadish3d.html,https://garbsoftball.com/png/games/dadish3d.webp
Dadish Daily,local,/gamefile/daily.html,https://garbsoftball.com/png/games/daily.webp
Danganronpa,local,/games/danganronpa/index.html,https://garbsoftball.com/png/games/dan.webp
"DEAD PLATE, Webport",local,/gamefile/dead.html,https://garbsoftball.com/png/games/deadp.webp
Dead Tapes,local,/games/deadtapesfinal/index.html,https://garbsoftball.com/png/games/deadta.webp
"Deadseat, Webport",local,/games/deadseat/index.html,https://garbsoftball.com/png/games/deadseat.webp
Death Run 3D,local,/games/death-run-3d/index.html,https://garbsoftball.com/png/games/death.webp
"Deltarune, Webport",local,/games/deltarune/index.html,https://garbsoftball.com/png/games/deltarune.webp
"Deltatraveler, Webport",local,/gamefile/deltatr.html,https://garbsoftball.com/png/games/deltatr.webp
"Dewdrop Dynasty, Webport",local,/games/dewdrop/index.html,https://garbsoftball.com/png/games/dewrop.webp
Diablo,local,/games/diablo/index.html,https://garbsoftball.com/png/games/diablo.webp
"Dice A Million, Webport",local,/gamefile/diceamillion.html,https://garbsoftball.com/png/games/diceamillion.webp
Dinosaur,local,/games/dinosaur/index.html,https://garbsoftball.com/png/games/dino.webp
"Do Not Take This Cat Home, Webport",local,/games/donottakethiscathome/index.html,https://garbsoftball.com/png/games/dont.webp
Doge Miner,local,/gamefile/Doge Miner.html,https://garbsoftball.com/png/games/doge.webp
Doge Miner 2,local,/gamefile/dm2.html,https://garbsoftball.com/png/games/dogeminer2.webp
"Dome Keeper, Webport",local,/games/domekeeper/index.html,https://garbsoftball.com/png/games/domekeeper.webp
"Dont Bite Me Bro!, Webport",local,/games/dbmb/index.html,https://garbsoftball.com/png/games/dbmb.webp
Doodle Jump,local,/gamefile/Doodle Jump.html,https://garbsoftball.com/png/games/doodle.webp
Doom,local,/games/doom/index.html,https://garbsoftball.com/png/games/doom.webp
Doom 2,local,/gamefile/doom2.html,https://garbsoftball.com/png/games/doom2.webp
Doom 3,local,/games/doom3/index.html,https://garbsoftball.com/png/games/doom3.webp
Doom 64,local,/gamefile/doom64.html,https://garbsoftball.com/png/games/doom64.webp
Dr. Mario,local,/gamefile/drmario.html,https://garbsoftball.com/png/games/drmario.webp
Dreadhead Parkour,local,/gamefile/dread.html,https://garbsoftball.com/png/games/dread.webp
Drift Boss,local,/games/drift-boss/index.html,https://garbsoftball.com/png/games/driftboss.webp
Drift Hunter,local,/gamefile/drift.html,https://garbsoftball.com/png/games/hunt.webp
Drive Mad,local,/games/drive-mad/index.html,https://garbsoftball.com/png/games/drive.webp
Duck Life 1,local,/games/ducklife1/index.html,https://garbsoftball.com/png/games/duck1.webp
Duck Life 2,local,/games/ducklife2/index.html,https://garbsoftball.com/png/games/duck2.webp
Duck Life 3,local,/games/ducklife3/index.html,https://garbsoftball.com/png/games/duck3.webp
Duck Life 4,local,/games/ducklife4/index.html,https://garbsoftball.com/png/games/duck4.webp
Duck Life 5,local,/games/ducklife5/index.html,https://garbsoftball.com/png/games/duck5.webp
Duck Life 6,local,/games/ducklife6/index.html,https://garbsoftball.com/png/games/ducklife6.webp
Duck Life 7,local,/games/ducklife7/index.html,https://garbsoftball.com/png/games/ducklife7.webp
"Duck Life 8, Webport",local,/games/ducklifeadv/,https://garbsoftball.com/png/games/ducklifeadc.webp
Dumb Ways To Die,local,/games/dumb/index.html,https://garbsoftball.com/png/games/dumb.webp
EA SPORTS FC MOBILE 24 SOCCER,proxy,https://nowgg.fun/apps/electronic-arts/1353/ea-sports-fc-mobile-24-soccer.html,https://garbsoftball.com/png/games/easportsmobile.webp
Eggy Car,local,/gamefile/eggycar.html,https://garbsoftball.com/png/games/eggycar.webp
Emily Is Away,local,/games/emily/index.html,https://garbsoftball.com/png/games/emily.webp
"Endacopia, Webport",local,/games/endacopia/index.html,https://garbsoftball.com/png/games/endacopia.webp
Endoparasitic,local,/games/endoparasitic/index.html,https://garbsoftball.com/png/games/endo1.webp
Endoparasitic 2,local,/games/endoparasitic2/index.html,https://garbsoftball.com/png/games/endo2.webp
Escape Road,local,/gamefile/escape.html,https://garbsoftball.com/png/games/road.webp
Escape Road 2,local,/gamefile/road2.html,https://garbsoftball.com/png/games/escape2.webp
Escape Road 3,local,/gamefile/escape3.html,https://garbsoftball.com/png/games/escape3.webp
Escape Road City 2,local,/gamefile/roadcity2.html,https://garbsoftball.com/png/games/roadcity.webp
Falling Fred,local,/games/falling/index.html,https://garbsoftball.com/png/games/super-falling-fred.webp
Fallout,local,/gamefile/falloutt.html,https://garbsoftball.com/png/games/fallout.webp
"Fallout 2, Webport",local,/games/fo2/index.html,https://garbsoftball.com/png/games/fallout2.webp
Fancy Pants Adventures,local,/games/fancypantsadventures/index.html,https://garbsoftball.com/png/games/fpa1.webp
Fancy Pants Adventures 2,local,/games/fancypantsadventures2/index.html,https://garbsoftball.com/png/games/fancy2.webp
Fancy Pants Adventures 3,local,/gamefile/fpa3.html,https://garbsoftball.com/png/games/fpa3.webp
"Fears To Fathom: Home Alone, Webport",local,/games/ftf/index.html,https://garbsoftball.com/png/games/fear.webp
"FEZ, Webport",local,/games/FEZ/index.html,https://garbsoftball.com/png/games/fez.webp
Final Fantasy VII,local,/gamefile/ffvii.html,https://garbsoftball.com/png/games/ffvii.webp
Fireboy and Watergirl,local,/games/watergirl-1/index.html,https://garbsoftball.com/png/games/fire1.webp
Fireboy and Watergirl 2,local,/games/watergirl-2/index.html,https://garbsoftball.com/png/games/fire2.webp
Fireboy and Watergirl 3,local,/games/watergirl-3/index.html,https://garbsoftball.com/png/games/fire3.webp
Fireboy and Watergirl 4,local,/games/watergirl-4/index.html,https://garbsoftball.com/png/games/fire4.webp
"FISH, Webport",local,/gamefile/fish.html,https://garbsoftball.com/png/games/fish.webp
Fister,proxy,https://fister.fun,https://garbsoftball.com/png/games/fister.webp
Five Nights At Candys,local,/gamefile/fnac.html,https://garbsoftball.com/png/games/fnac.webp
Five Nights At Candys 2,local,/gamefile/fnac2.html,https://garbsoftball.com/png/games/fnac2.webp
"Five Nights At Epsteins, Webport",local,/gamefile/fnae.html,https://garbsoftball.com/png/games/fnae.webp
"Five Nights At Frickbears 3, Webport",local,/games/fb3/index.html,https://garbsoftball.com/png/games/fnafb3.webp
"Five Nights At Last Breath, Webport",local,/gamefile/breath.html,https://garbsoftball.com/png/games/breath.webp
Flappy bird,local,/games/flappybird/index.html,https://garbsoftball.com/png/games/flapp.webp
"Flying Gorilla, Webport",local,/gamefile/gorilla.html,https://garbsoftball.com/png/games/flying.webp
FNAF,local,/games/fnaf/index.html,https://garbsoftball.com/png/games/splash.webp
FNAF Sisters Location,local,/gamefile/fnafs.html,https://garbsoftball.com/png/games/sister.webp
FNAF Ultimate Custom Night,local,/gamefile/fnafu.html,https://garbsoftball.com/png/games/custom.webp
FNAF World,local,/gamefile/fnafw.html,https://garbsoftball.com/png/games/fnafworld.webp
FNAF World Refreshed,local,/games/fnw/index.html,https://garbsoftball.com/png/games/fne.webp
FNAF2,local,/games/2/index.html,https://garbsoftball.com/png/games/fnaf2.webp
FNAF3,local,/games/3/index.html,https://garbsoftball.com/png/games/3f.webp
FNAF4,local,/games/fnaf4/index.html,https://garbsoftball.com/png/games/fnaf4.webp
FNAF4 Halloween,local,/gamefile/ween.html,https://garbsoftball.com/png/games/hollowween.webp
FNAW,local,/gamefile/fnaw.html,https://garbsoftball.com/png/games/fnaw.webp
"FNF, Friday Night Funkin",local,/games/fnf/fnfog.html,https://garbsoftball.com/png/games/fnf.webp
Friday Night Funkin Aethos,local,/games/fnf/aethos.html,https://garbsoftball.com/png/games/aethos.webp
Friday Night Funkin Atrocity,local,/games/fnf/atrocity.html,https://garbsoftball.com/png/games/atrocity.webp
Friday Night Funkin BFDI 26,local,/games/fnf/bfdi26.html,https://garbsoftball.com/png/games/bfdi26.webp
Friday Night Funkin Bop City,local,/games/fnf/bopcity.html,https://garbsoftball.com/png/games/bopcity.webp
Friday Night Funkin For A BFDI,local,/games/fnf/ffabfdi.html,https://garbsoftball.com/png/games/ffabfdi.webp
Friday Night Funkin Garcello,local,/games/fnf/garcello.html,https://garbsoftball.com/png/games/garcello.webp
Friday Night Funkin Get Digging,local,/games/fnf/getdigging.html,https://garbsoftball.com/png/games/getdigging.webp
Friday Night Funkin Golden Apple,local,/games/fnf/goldenapple.html,https://garbsoftball.com/png/games/goldenapple.webp
Friday Night Funkin Hex,local,/games/fnf/hex.html,https://garbsoftball.com/png/games/hex.webp
Friday Night Funkin Horkglorpgloop,local,/games/fnf/horkglorpgloop.html,https://garbsoftball.com/png/games/infinite.webp
Friday Night Funkin Infinite Irida,local,/games/fnf/infiniteiridra.html,https://garbsoftball.com/png/games/hork.webp
Friday Night Funkin Kapi,local,/games/fnf/kapi.html,https://garbsoftball.com/png/games/kapi.webp
Friday Night Funkin Mario Madness,local,/games/fnf/mariomadness.html,https://garbsoftball.com/png/games/mario.webp
Friday Night Funkin Hatsune Miku,local,/games/fnf/miku.html,https://garbsoftball.com/png/games/miku.webp
Friday Night Funkin Nonsense,local,/games/fnf/nonsense.html,https://garbsoftball.com/png/games/nonsense.webp
Friday Night Funkin Rewrite,local,/games/fnf/rewrite.html,https://garbsoftball.com/png/games/rewrite.webp
Friday Night Funkin Rewrite 2,local,/games/fnf/rewrite2.html,https://garbsoftball.com/png/games/rewrite2.webp
Friday Night Funkin Ron,local,/games/fnf/ron.html,https://garbsoftball.com/png/games/ron.webp
Friday Night Funkin Shaggy,local,/games/fnf/shaggy.html,https://garbsoftball.com/png/games/shaggy.webp
Friday Night Funkin Shaggy X Matt,local,/games/fnf/shaggyxmatt.html,https://garbsoftball.com/png/games/sxm.webp
Friday Night Funkin Shucks V2,local,/games/fnf/shucksv2.html,https://garbsoftball.com/png/games/shucksv2.webp
Friday Night Funkin Vs. Tord,local,/games/fnf/tord.html,https://garbsoftball.com/png/games/tord.webp
Friday Night Funkin Tricky,local,/games/fnf/tricky.html,https://garbsoftball.com/png/games/tricky.webp
Friday Night Funkin TWIDDLEFINGER,local,/games/fnf/TWIDDLEFINGER.html,https://garbsoftball.com/png/games/twiddle.webp
Friday Night Funkin Whitty,local,/games/fnf/whitty.html,https://garbsoftball.com/png/games/whitty.webp
Friday Night Funkin Zardy,local,/games/fnf/zardy.html,https://garbsoftball.com/png/games/zardy.webp
Fortnite,proxy,https://nowgg.fun/apps/aptoide/5874/aptoide.html?deep_link=aptoidesearch://com.epicgames.fortnite,https://garbsoftball.com/png/games/fortnite.webp
Football Bros,local,/games/footballbros/index.html,https://garbsoftball.com/png/games/footbros.webp
Fruit Ninja,local,/games/fruitninja/index.html,https://garbsoftball.com/png/games/ninja.webp
Fused240,local,/games/fused240/index.html,https://garbsoftball.com/png/games/fused240.webp
"Gabriel's Awesome Schoolhouse, Webport",local,/gamefile/gash.html,https://garbsoftball.com/png/games/gabriel.webp
Gacha Life,local,/gamefile/life.html,https://garbsoftball.com/png/games/gachalife.webp
Gacha Verse,local,/gamefile/verse.html,https://garbsoftball.com/png/games/gachaverse.webp
"Gamble With Your Friends, Webport",local,/games/gamble/index.html,https://garbsoftball.com/png/games/gamble.webp
"Gang Beasts, Webport",local,/games/gangbeasts/index.html,https://garbsoftball.com/png/games/gangbeats.webp
Genshin Impact,proxy,https://nowgg.fun/apps/cognosphere-pte-ltd-/1773/genshin-impact.html,https://garbsoftball.com/png/games/genshin.webp
Getaway Shootout,local,/games/getaway-shootout/index.html,https://garbsoftball.com/png/games/getaway.webp
Geoguessr,proxy,https://www.geoguessr.com/,https://garbsoftball.com/png/games/geoguess.webp
"Geometry Dash, Webport",local,/games/geo/index.html,https://garbsoftball.com/png/games/gd.webp
"Getting Over It, Webport",local,/gamefile/goi.html,https://garbsoftball.com/png/games/gettin.webp
Gladihoppers,local,/gamefile/Gladihoppers.html,https://garbsoftball.com/png/games/glad.webp
"Go to bed, Webport",local,/games/GTB/index.html,https://garbsoftball.com/png/games/gotobed.webp
Goober Dash,proxy,https://gooberdash.winterpixel.io/,https://garbsoftball.com/png/games/goober.webp
Google Baseball,local,/gamefile/gbase.html,https://garbsoftball.com/png/games/google.webp
"Gorilla Tag, Webport",local,/games/gtag/index.html,https://garbsoftball.com/png/games/gtag.webp
Granny,local,/gamefile/granny.html,https://garbsoftball.com/png/games/granny.webp
Granny 2,local,/gamefile/Granny 2.html,https://garbsoftball.com/png/games/gran2.webp
Granny 3,local,/games/granny3/index.html,https://garbsoftball.com/png/games/gran3.webp
Gravity run,local,/games/gravity-run/index.html,https://garbsoftball.com/png/games/gravity.webp
Greybox,local,/games/graybox/index.html,https://garbsoftball.com/png/games/grey.webp
GTA I,local,/games/gta/index.html,https://garbsoftball.com/png/games/gta.webp
GTA II,local,/games/gta2/index.html,https://garbsoftball.com/png/games/gta2.webp
GTA III,local,/gamefile/gta3.html,https://garbsoftball.com/png/games/gta3.webp
GTA San Andreas,local,/games/gtasan/index.html,https://garbsoftball.com/png/games/gtasan.webp
"GTA Vice City, Webport",local,/games/vicecity/index.html,https://garbsoftball.com/png/games/vice.webp
Gun Mayhem,local,/games/funmayhem/index.html,https://garbsoftball.com/png/games/gun.webp
Gun Mayhem 2,local,/games/funmayhem2/index.html,https://garbsoftball.com/png/games/gun2.webp
Gun Mayhem Redux,local,/games/funmayhemredux/index.html,https://garbsoftball.com/png/games/gun3.webp
Gunspin,local,/games/gunspin/index.html,https://garbsoftball.com/png/games/guns.webp
Half life,local,/games/hl-main/index.html,https://garbsoftball.com/png/games/halflife.webp
Half life: Opposing Force,local,/gamefile/hlof.html,https://garbsoftball.com/png/games/hlof.webp
Happy Wheels,local,/games/happywheels/index.html,https://garbsoftball.com/png/games/happy.webp
"Helltaker, Webport",local,/gamefile/helltaker.html,https://garbsoftball.com/png/games/helltaker.webp
Hobo 1,local,/gamefile/hobo1.html,https://garbsoftball.com/png/games/hobo.webp
Hobo 2,local,/gamefile/hobo2.html,https://garbsoftball.com/png/games/hobo2.webp
Hobo 3,local,/gamefile/hobo3.html,https://garbsoftball.com/png/games/hobo3.webp
Hobo 4,local,/gamefile/hobo4.html,https://garbsoftball.com/png/games/hobo4.webp
Hobo 5,local,/gamefile/hobo5.html,https://garbsoftball.com/png/games/hobo5.webp
Hobo 6,local,/gamefile/hobo6.html,https://garbsoftball.com/png/games/hobo6.webp
Hobo 7,local,/gamefile/hobo7.html,https://garbsoftball.com/png/games/hobo7.webp
"Hollow Knight, Webport",local,/games/newesthk/index.html,https://garbsoftball.com/png/games/hollow.webp
Honkai: Star Rail,proxy,https://nowgg.fun/apps/cognosphere-pte-ltd/1591/honkai-star-rail.html,https://garbsoftball.com/png/games/honkai.webp
"Hotline Miami, Webport",local,/games/whores/index.html,https://garbsoftball.com/png/games/hot.webp
House Of Hazards,local,/games/houseofhazards/index.html,https://garbsoftball.com/png/games/house.webp
"How To Fish, Webport",local,/games/htf/index.html,https://garbsoftball.com/png/games/htf.webp
"HUMAN EXPENDITURE PROGRAM, Webport",local,/gamefile/human.html,https://garbsoftball.com/png/games/human.webp
Ice Baby Quest 2,local,/games/icebaby2/index.html,https://garbsoftball.com/png/games/icebaby2.webp
Idle Breakout,local,/games/idle-breakout/index.html,https://garbsoftball.com/png/games/idle.webp
Into Space 1,local,/games/is1/index.html,https://garbsoftball.com/png/games/intospace1.webp
Into Space 2,local,/games/is2/index.html,https://garbsoftball.com/png/games/intospace2.webp
Into Space 3,local,/games/is3/index.html,https://garbsoftball.com/png/games/intospace3.webp
"Iron Lung, Webport",local,/games/ironlung/index.html,https://garbsoftball.com/png/games/iroonlung.webp
"I Wanna Be The Guy, Webport",local,/games/iwbtg/index.html,https://garbsoftball.com/png/games/iwbtg.webp
"Jeffrey Epstein Basics In Education And Kidnapping, Webport",local,/gamefile/jeb.html,https://garbsoftball.com/png/games/jeb.webp
"Jeffys Basics, Webport",local,/games/JeffysBasicsBog/index.html,https://garbsoftball.com/png/games/jeffys.webp
Jelly Drift,local,/gamefile/jelly.html,https://garbsoftball.com/png/games/jelly.webp
Jetpack Joyride,local,/games/jetpackjoyride/index.html,https://garbsoftball.com/png/games/jet.webp
Jumbo Mario,local,/games/JumboMario/index.html,https://garbsoftball.com/png/games/jumbo.webp
"Karlson, Webport",local,/gamefile/Karlson.html,https://garbsoftball.com/png/games/karlson.webp
"Karlson2D, Webport",local,/games/karlson2d/truffledkarlson2d/index.html,https://garbsoftball.com/png/games/karlson2d.webp
"Kick The Buddy, Webport",local,/games/kickthebuddy/index.html,https://garbsoftball.com/png/games/ktb.webp
"Kindergarten 1, Webport",local,/games/kindergarten/1/index.html,https://garbsoftball.com/png/games/kind1.webp
"Kindergarten 2, Webport",local,/games/kindergarten/2/index.html,https://garbsoftball.com/png/games/kind2.webp
"Kindergarten 3, Webport",local,/games/Kindergarten3/index.html,https://garbsoftball.com/png/games/kind3.webp
"Kinito Pet, Webport",local,/games/kinitopet/index.html,https://garbsoftball.com/png/games/kinto.webp
"Kirby Soft And Wet, Webport",local,/gamefile/kirbysoftandwet.html,https://garbsoftball.com/png/games/kirbysoftandwet.webp
Klifur,local,/games/kilfur/index.html,https://garbsoftball.com/png/games/kil.webp
Knife Hit,local,/games/knifehit/index.html,https://garbsoftball.com/png/games/knife.webp
Krunker,local,/games/krunker/index.html,https://garbsoftball.com/png/games/krunker.webp
La Madriguera,local,/games/lamadriguera/index.html,https://garbsoftball.com/png/games/labear.webp
"Lacey's Flash Games, Webport",local,/gamefile/lacy.html,https://garbsoftball.com/png/games/lacey.webp
Learn To Fly,local,/games/learntofly/index.html,https://garbsoftball.com/png/games/learn1.webp
Learn To Fly 2,local,/games/learntofly2/index.html,https://garbsoftball.com/png/games/learn2.webp
Learn To Fly 3,local,/games/ltf3/index.html,https://garbsoftball.com/png/games/learn3.webp
Learn To Fly Idle,local,/games/learntoflyidle/index.html,https://garbsoftball.com/png/games/learni.webp
Lego Star Wars,local,/gamefile/legostarwars.html,https://garbsoftball.com/png/games/legostarwars.webp
"Lethal Company, Webport",local,/games/lethal/index.html,https://garbsoftball.com/png/games/lethal.webp
"Lethal Ape, Webport",local,/games/lethalape/index.html,https://garbsoftball.com/png/games/lethalape.webp
Level Devil,local,/games/lvldevil/index.html,https://garbsoftball.com/png/games/level.webp
Line Rider,local,/games/linerider/index.html,https://garbsoftball.com/png/games/line.webp
Little Alchemy,local,/games/littlealchemy/index.html,https://garbsoftball.com/png/games/lil.webp
Little Alchemy 2,local,/gamefile/little2.html,https://garbsoftball.com/png/games/little2.webp
Little Big Planet,local,/games/lbp/index.html,https://garbsoftball.com/png/games/lbp.webp
Lolbeans.io,proxy,https://lolbeans.io/,https://garbsoftball.com/png/games/lolbeans.webp
"Lobotomy Corporation, Webport",local,/games/lobcorp/index.html,https://garbsoftball.com/png/games/lobotomycorp.webp
Machine Party,local,/games/mp/index.html,https://garbsoftball.com/png/games/machineparty.webp
Madden NFL 24 Mobile Football,proxy,https://nowgg.fun/apps/electronic-arts/1731/madden-nfl-24-mobile-football.html,https://garbsoftball.com/png/games/madden24.webp
Madness Accelerant,local,/gamefile/madnessaccelerant.html,https://garbsoftball.com/png/games/madnessaccelerant.webp
Madness Ambulation,local,/games/madnessambulation/madnessambulation.html,https://garbsoftball.com/png/games/madnessambulation.webp
Madness Combat Defense,local,/gamefile/madnesscombatdefense.html,https://garbsoftball.com/png/games/madnesscombatdefense.webp
Madness Combat FPS Fueled by Hot Dogs,local,/gamefile/madnesscfpsfbhd.html,https://garbsoftball.com/png/games/madnesscfpsfbhd.webp
Madness Gemini,local,/gamefile/madnessgemini.html,https://garbsoftball.com/png/games/madnessgemini.webp
Madness Hydraulic,local,/gamefile/madnesshydraulic.html,https://garbsoftball.com/png/games/madnesshydraulic.webp
Madness Interactive,local,/gamefile/madnessinteractive.html,https://garbsoftball.com/png/games/madnessinteractive.webp
Madness Melee,local,/games/bogtruffled/index.html,https://garbsoftball.com/png/games/madness.webp
Madness Off Color,local,/gamefile/madnessoffcolor.html,https://garbsoftball.com/png/games/madnessoffcolor.webp
Madness Premediation,local,/gamefile/madnesspremediation.html,https://garbsoftball.com/png/games/madnesspremediation.webp
Madness Project Nexus,local,/gamefile/madnesscombatnexus.html,https://garbsoftball.com/png/games/madnesscombatnexus.webp
Madness Retaliation,local,/gamefile/madnessretaliation.html,https://garbsoftball.com/png/games/madnessretaliation.webp
Mario Kart 64,local,/games/mk64/index.html,https://garbsoftball.com/png/games/mk64.webp
Mario Kart 7,local,/games/mk7/index.html,https://garbsoftball.com/png/games/mk7.webp
Mario Kart DS,local,/games/mkds/index.html,https://garbsoftball.com/png/games/mkds.webp
Mario Party 1,local,/gamefile/marioparty.html,https://garbsoftball.com/png/games/marioparty1.webp
Mario Party 2,local,/gamefile/marioparty2.html,https://garbsoftball.com/png/games/marioparty2.webp
Mario Party 3,local,/gamefile/marioparty3.html,https://garbsoftball.com/png/games/marioparty3.webp
Megaman,local,/gamefile/megaman.html,https://garbsoftball.com/png/games/megaman.webp
Melon Playground,local,/games/melon-playground/index.html,https://garbsoftball.com/png/games/melon.webp
Merge Rot,local,/games/mergerot/index.html,https://garbsoftball.com/png/games/rot.webp
"Milkman karlson, Webport",local,/games/milk/index.html,https://garbsoftball.com/png/games/milk.webp
"Mindustry, Webport",local,/gamefile/mindustry.html,https://garbsoftball.com/png/games/mindustry.webp
Minecraft,local,/games/wispcraft/eag.html,https://garbsoftball.com/png/games/mc.webp
Minecraft 1.12.2,local,/games/eglar/1dot12dot2/index.html,https://garbsoftball.com/games/eglar/1.12.webp
Minecraft 1.8.8,local,/games/eglar/EaglercraftX_1dot8_Web/index.html,https://garbsoftball.com/games/eglar/1.8.webp
"Minecraft Legacy Console Edition, Webport",local,/games/lce/index.html,https://garbsoftball.com/png/games/mclce.webp
"Minecraft Pocket Edition, Webport",local,/games/mcpe/index.html,https://garbsoftball.com/png/games/mcpe.webp
Minecraft Wurst,local,/games/eglar/clwurst.html,https://garbsoftball.com/games/eglar/wurst.webp
Minesweeper Mania,local,/gamefile/minesweepermania.html,https://garbsoftball.com/png/games/minese.webp
"Minesweeper Plus, Webport",local,/gamefile/mineplus.html,https://garbsoftball.com/png/games/mineseplu.webp
"Miside, Webport",local,/gamefile/miside.html,https://garbsoftball.com/png/games/miside.webp
Monkey Mart,local,/games/MonkeyMart/index.html,https://garbsoftball.com/png/games/monkey.webp
Monster Tracks,local,/games/monster-tracks/index.html,https://garbsoftball.com/png/games/monster.webp
Moto X3M,local,/games/motox3m/index.html,https://garbsoftball.com/png/games/moto.webp
My Singing Monsters,proxy,https://nowgg.fun/apps/big-blue/8811/singing-monsters.html,https://garbsoftball.com/png/games/msm.webp
"My Talking Baby Hippo, Webport",local,/games/mtbh/index.html,https://garbsoftball.com/png/games/hippo.webp
"My teardrop, daniel",local,/gamefile/mytear.html,https://garbsoftball.com/png/games/mytear.webp
n-gon,local,/games/n-gon/index.html,https://garbsoftball.com/png/games/ngon.webp
Nazi Zombies: Portable,local,/gamefile/nzp.html,https://garbsoftball.com/png/games/nazi.webp
"Needy Streamer Overload, Webport",local,/games/nso/index.html,https://garbsoftball.com/png/games/nso.webp
New Super Mario Bros,local,/games/nsmb/index.html,https://garbsoftball.com/png/games/nsmb.webp
"Node Buster, Webport",local,/games/nodebuster/index.html,https://garbsoftball.com/png/games/nodebuster.webp
"Nubbys Number Factory, Webport",local,/gamefile/nubby.html,https://garbsoftball.com/png/games/nubby.webp
Om Nom Run,local,/gamefile/omnomrun.html,https://garbsoftball.com/png/games/omnomrun.webp
"OMORI, Webport",local,/gamefile/OMORI.html,https://garbsoftball.com/png/games/omori.webp
"Oneshot, Webport",local,/gamefile/oneshot.html,https://garbsoftball.com/png/games/oneshot.webp
"Oneshot World Machine Edition, Webport",local,/games/worldmachine/index.html,https://garbsoftball.com/png/games/oneshotwm.webp
Orange Roulette,local,/gamefile/orange.html,https://garbsoftball.com/png/games/orange.webp
Oshi Oshi Punch,local,/gamefile/onshi.html,https://garbsoftball.com/png/games/oshi.webp
Osu!,local,/games/osu!/index.html,https://garbsoftball.com/png/games/osu.webp
"Overburden, Webport",local,/gamefile/overburden.html,https://garbsoftball.com/png/games/overburden.webp
OvO,local,/games/ovo/index.html,https://garbsoftball.com/png/games/ovo.webp
OvO 2,local,/games/OvO2/index.html,https://garbsoftball.com/png/games/ovo2.webp
OvO Dimensions,local,/games/OvoDimensions/index.html,https://garbsoftball.com/png/games/ovodi.webp
Pacman,local,/games/pacman/index.html,https://garbsoftball.com/png/games/pacman.webp
Pacman World,local,/gamefile/pacmanw.html,https://garbsoftball.com/png/games/pacmanworld.webp
Pacman World 2,local,/gamefile/pacmanw2.html,https://garbsoftball.com/png/games/pacmanworld2.webp
Paint Gal Adventures,local,/games/paintbog/Paint Gal Adventures.html,https://garbsoftball.com/png/games/paintgal.webp
Papas Bakeria,local,/games/papasbakeria/index.html,https://garbsoftball.com/png/games/bake.webp
Papas Burgeria,local,/games/papasburgeria/index.html,https://garbsoftball.com/png/games/burger.webp
Papas Cheeseria,local,/games/papascheeseria/index.html,https://garbsoftball.com/png/games/cheese.webp
Papas Donuteria,local,/games/papasdonuteria/index.html,https://garbsoftball.com/png/games/donut.webp
Papas Freezeria,local,/games/papasfreezeria/index.html,https://garbsoftball.com/png/games/freeze.webp
Papas Pizzaeria,local,/games/papaspizza/index.html,https://garbsoftball.com/png/games/pizza.webp
Paper Mario,local,/gamefile/papermario.html,https://garbsoftball.com/png/games/papermario.webp
Paperio 2,local,/games/paperio2/index.html,https://garbsoftball.com/png/games/paperio2.webp
"Papers, Please",local,/gamefile/papers.html,https://garbsoftball.com/png/games/papers.webp
Parappa The Rapper,local,/games/paps/index.html,https://garbsoftball.com/png/games/rapper.webp
Parappa The Rapper 2,local,/games/parappa2/index.html,https://garbsoftball.com/png/games/parappa2.webp
"Peak, Webport",local,/games/peak/index.html,https://garbsoftball.com/png/games/peak.webp
"Peaks of Yore, Webport",local,/gamefile/peaksofyore.html,https://garbsoftball.com/png/games/peaksofyore.webp
Peggle,local,/gamefile/Peggle.html,https://garbsoftball.com/png/games/peggle.webp
"People Playground, Webport",local,/games/ppg/index.html,https://garbsoftball.com/png/games/peoplepg.webp
"Pikuniku, Webport",local,/games/pikubog/index.html,https://garbsoftball.com/png/games/piku.webp
Pixel Gun 3D,local,/games/pixl/index.html,https://garbsoftball.com/png/games/pixelgun.webp
Pizzatron 3000,local,/games/pizza/index.html,https://garbsoftball.com/png/games/pizza3.webp
"Pizza Tower, Webport",local,/games/NoiseUpdate/index.html,https://garbsoftball.com/png/games/pizzatower.webp
Pizza Tower: Scoutdigo,local,/gamefile/pts.html,https://garbsoftball.com/png/games/pts.webp
Plants VS Zombies,local,/gamefile/pvs.html,https://garbsoftball.com/png/games/pvz.webp
Plants VS Zombies Garden Endless,local,/games/pvzge/index.html,https://garbsoftball.com/png/games/pvz2.webp
"Plauge Inc, Webport",local,/games/PlagueInc/index.html,https://garbsoftball.com/png/games/plaugeinc.webp
Pokemon Academy Life Forever,local,/gamefile/pokemonacademy.html,https://garbsoftball.com/png/games/pokemonacademy.webp
Pokemon Blue,local,/gamefile/blue.html,https://garbsoftball.com/png/games/blue.webp
Pokemon Crystal,local,/gamefile/blob.html,https://garbsoftball.com/png/games/crystal.webp
Pokemon Emerald,local,/gamefile/em.html,https://garbsoftball.com/png/games/em.webp
Pokemon Gold,local,/gamefile/red.html,https://garbsoftball.com/png/games/gold.webp
Pokemon Red,local,/gamefile/red.html,https://garbsoftball.com/png/games/pokemonfirered.webp
Pokemon Stadium,local,/gamefile/pokestad.html,https://garbsoftball.com/png/games/pokestad.webp
Pokemon Stadium 2,local,/gamefile/pokestad2.html,https://garbsoftball.com/png/games/pokestad2.webp
Polytrack,local,/games/polytrack/index.html,https://garbsoftball.com/png/games/poly.webp
Portal,local,/games/portal/index.html,https://garbsoftball.com/png/games/portal.webp
Portal 2,local,/games/portal2/portal2/index.html,https://garbsoftball.com/png/games/p2.webp
"Postal, Webport",local,/gamefile/postal.html,https://garbsoftball.com/png/games/postal.webp
Poppy Playtime,proxy,https://nowgg.fun/apps/a/1293/b.html,https://garbsoftball.com/png/games/poppy.webp
"Potion Craft Alchemy Simulator, Webport",local,/games/pcraft/index.html,https://garbsoftball.com/png/games/pcraft.webp
"Pretend its not there, Webport",local,/games/pretenditsnotthere/index.html,https://garbsoftball.com/png/games/pre.webp
Prodigy,local,/games/prodigy/select/index.html,https://garbsoftball.com/png/games/prodigy.webp
PUBG Mobile: Aftermath,proxy,https://nowgg.fun/apps/proxima-beta/2609/pubg-mobile-resistance.html,https://garbsoftball.com/png/games/pubgmobile.webp
Quake,local,/games/quake/index.html,https://garbsoftball.com/png/games/quake.webp
Quake II,local,/games/quakeii/index.html,https://garbsoftball.com/png/games/quakeii.webp
Quake III,local,/games/quakeiii/Quake3.htm,https://garbsoftball.com/png/games/quakeiii.webp
Rabbids Alive And Kicking,local,/games/rabbidsa/index.html,https://garbsoftball.com/png/games/rabbidalive.webp
Rabbids Travel In Time,local,/games/rabbidst/index.html,https://garbsoftball.com/png/games/rabbidstravel.webp
Raft Wars,local,/games/raft-wars/index.html,https://garbsoftball.com/png/games/raft1.webp
Raft Wars 2,local,/games/raft-wars-2/index.html,https://garbsoftball.com/png/games/raft2.webp
"RAFT, Webport",local,/games/raft/index.html,https://garbsoftball.com/png/games/raft.webp
Ragdoll Archers,local,/games/ragdoll-archers/index.html,https://garbsoftball.com/png/games/archer.webp
Ragdoll Hit,local,/games/ragdoll/index.html,https://garbsoftball.com/png/games/hit.webp
Raldi's Crack House,local,/games/raldi/index.html,https://garbsoftball.com/png/games/raldi.webp
Rayman,local,/gamefile/rayman.html,https://garbsoftball.com/png/games/rayman.webp
"RE:RUN, Webport",local,/games/rerun/index.html,https://garbsoftball.com/png/games/rerun.webp
"REPO, Webport",local,/games/repo/index.html,https://garbsoftball.com/png/games/repo.webp
Resident Evil 1,local,/gamefile/res1.html,https://garbsoftball.com/png/games/res1.webp
Resident Evil 2,local,/gamefile/res2.html,https://garbsoftball.com/png/games/res2.webp
Retro Bowl,local,/games/retro-bowl/index.html,https://garbsoftball.com/png/games/retro.webp
Retro Bowl College,local,/games/rbcollege/index.html,https://garbsoftball.com/png/games/retroc.webp
Rhythm Heaven,local,/gamefile/rhythm.html,https://garbsoftball.com/png/games/rhythm.webp
Riddle School,local,/games/riddleschool/index.html,https://garbsoftball.com/png/games/riddle1.webp
Riddle School 2,local,/games/sriddleschool2/index.html,https://garbsoftball.com/png/games/riddle2.webp
Riddle School 3,local,/games/riddleschool3/index.html,https://garbsoftball.com/png/games/riddle3.webp
Riddle School 4,local,/games/riddleschool4/index.html,https://garbsoftball.com/png/games/riddle4.webp
Riddle School 5,local,/games/riddleschool5/index.html,https://garbsoftball.com/png/games/riddle5.webp
Riddle School Transfer,local,/games/riddleschooltransfer/index.html,https://garbsoftball.com/png/games/riddletr.webp
Riddle School Transfer 2,local,/games/riddleschooltransfer2/index.html,https://garbsoftball.com/png/games/riddletr2.webp
"Rimworld, Webport",local,/games/rimworld/index.html,https://garbsoftball.com/png/games/rimword.webp
Rocket League Sideswipe,proxy,https://nowgg.fun/apps/psyonix-studios/4656/rocket-league.html,https://garbsoftball.com/png/games/rrs.webp
Roblox,proxy,https://nowgg.fun/apps/a/19900/b.html,https://garbsoftball.com/png/games/roblox.webp
Rooftop Snipers,local,/games/rooftop-snipers/index.html,https://garbsoftball.com/png/games/roof2.webp
Rooftop Snipers 2,local,/games/rooftop-snipers-2/index.html,https://garbsoftball.com/png/games/roof1.webp
Run,local,/gamefile/run.html,https://garbsoftball.com/png/games/run1.webp
Run 2,local,/gamefile/run2.html,https://garbsoftball.com/png/games/run2.webp
Run 3,local,/gamefile/run3.html,https://garbsoftball.com/png/games/run3.webp
"Running Fred, Webport",local,/games/fred/index.html,https://garbsoftball.com/png/games/fred.webp
Rhythm Hell,local,/games/rhythm-hell/index.html,https://garbsoftball.com/png/games/rhythmhell.webp
"Saihate Station, Webport",local,/gamefile/saihatestation.html,https://garbsoftball.com/png/games/saihatestation.webp
Sandboxels,local,/gamefile/Sandboxels.html,https://garbsoftball.com/png/games/sand.webp
"Sanic Ball, Webport",local,/games/ball/index.html,https://garbsoftball.com/png/games/sanicball.webp
Scary Path,local,/games/scary-path/index.html,https://garbsoftball.com/png/games/path.webp
Scary Teacher 3D,local,/gamefile/scary.html,https://garbsoftball.com/png/games/scary.webp
"Schoolboy Runaway, Webport",local,/gamefile/runaway.html,https://garbsoftball.com/png/games/runaway.webp
"SCP: Secret Laboratory, Webport",local,/games/scp/scp.html,https://garbsoftball.com/png/games/scp.webp
"Shift At Midnight, Webport",local,/gamefile/shift.html,https://garbsoftball.com/png/games/shift.webp
"Shrimp.io, Webport",local,/games/shrimpio/index.html,https://garbsoftball.com/png/games/shrimpio.webp
"Silksong, Webport",local,/games/silk/index.html,https://garbsoftball.com/png/games/silk.webp
Skibidi Shooter,local,/games/skibidi-shooter/index.html,https://garbsoftball.com/png/games/ski.webp
Skiing Fred,local,/games/skiing/index.html,https://garbsoftball.com/png/games/skiing.webp
Skribbl.io,proxy,https://skribbl.io/,https://garbsoftball.com/png/games/skribblio.webp
"Slender: The 8 Pages, Webport",local,/games/slender/index.html,https://garbsoftball.com/png/games/slender.webp
"Slendytubbies I, Webport",local,/gamefile/slendy1.html,https://garbsoftball.com/png/games/slendy1.webp
"Slendytubbies II, Webport",local,/gamefile/slendy.html,https://garbsoftball.com/png/games/slendy.webp
"Slendytubbies II 2D, Webport",local,/gamefile/slendy2d/index.html,https://garbsoftball.com/png/games/slendy2d.webp
Slient Hill,local,/gamefile/slienthill.html,https://garbsoftball.com/png/games/slienthill.webp
"Slime Ranchers, Webport",local,/gamefile/slimeranchers.html,https://garbsoftball.com/png/games/slime.webp
"Slither.io, Webport",local,/gamefile/sfge.html,https://garbsoftball.com/png/games/sli.webp
Slope,local,/games/slope/index.html,https://garbsoftball.com/png/games/slope.webp
Slowroads,local,/games/slowroads/index.html,https://garbsoftball.com/png/games/slow.webp
"SM64, Super Mario 64",local,/games/sm64/index.html,https://garbsoftball.com/png/games/sm64.webp
Super Mario 64 Coop DX,local,/games/sm64coop/sm64coopdx.html,https://garbsoftball.com/png/games/sm64coop.avif
Super Mario Bros,local,/gamefile/smb.html,https://garbsoftball.com/png/games/smb.webp
Super Mario Galaxy DS,local,/gamefile/smgds.html,https://garbsoftball.com/png/games/smgds.webp
Super Oliver World,local,/gamefile/superoliverworld.html,https://garbsoftball.com/png/games/superoliverworld.webp
Super Smash Bros,local,/gamefile/ssm.html,https://garbsoftball.com/png/games/ssm.webp
Super Tux Kart,local,/games/supertuxkart/SuperTuxKart.html,https://garbsoftball.com/png/games/supertuxkart.webp
Smash Karts,local,/games/smashkarts/index.html,https://garbsoftball.com/png/games/smashkarts.webp
Snow Rider 3D,local,/games/snowrider3D-main/index.html,https://garbsoftball.com/png/games/snow.webp
Snow Battle,local,/gamefile/snow.html,https://garbsoftball.com/png/games/snowio.webp
Soccer Bros,local,/games/soccerbros/index.html,https://garbsoftball.com/png/games/soccer.webp
Soccer Random,local,/games/soccer-random/index.html,https://garbsoftball.com/png/games/soccerra.webp
Solar Smash,local,/gamefile/solar.html,https://garbsoftball.com/png/games/solar.webp
Solitaire,local,/games/solitaire/index.html,https://garbsoftball.com/png/games/soli.webp
Sonic 1,local,/games/sonic/index.html,https://garbsoftball.com/png/games/sonic1.webp
Sonic 2,local,/games/sonic2/index.html,https://garbsoftball.com/png/games/sonic2.webp
Sonic 3,local,/games/sonic3/sonic3.html,https://garbsoftball.com/png/games/sonic3.webp
Sonic 4,local,/games/sonic4/index.html,https://garbsoftball.com/png/games/sonic4.webp
Sonic 3D Blast,local,/gamefile/sonic3dblast.html,https://garbsoftball.com/png/games/sonic3dblast.webp
Sonic CD,local,/games/soniccd/soniccd.html,https://garbsoftball.com/png/games/soniccd.webp
Sonic EXE,local,/gamefile/sonicexe.html,https://garbsoftball.com/png/games/sonicexe.webp
Sonic Jam,local,/gamefile/sonicjam.html,https://garbsoftball.com/png/games/sonicjam.webp
"Sonic Mania, Webport",local,/gamefile/sonic.html,https://garbsoftball.com/png/games/mania.webp
Sonic R,local,/gamefile/sonicr.html,https://garbsoftball.com/png/games/sonicr.webp
Sonic Robo Blast 2,local,/games/srb2/index.html,https://garbsoftball.com/png/games/robo.webp
Sonic Robo Blast 2 KART,local,/games/kart/index.html,https://garbsoftball.com/png/games/kart.webp
Sonic World Next,local,/games/swn/index.html,https://garbsoftball.com/png/games/swn.webp
Space Waves,local,/gamefile/spacewaves.html,https://garbsoftball.com/png/games/space.webp
"Spaceflight Simulator, Webport",local,/games/spaceflightsim/index.html,https://garbsoftball.com/png/games/ssim.webp
"Spank the monkey, bogs favorites",local,/gamefile/monkey.html,https://garbsoftball.com/png/games/monk.webp
Speed Stars,local,/games/speed-stars/index.html,https://garbsoftball.com/png/games/speed.webp
Spelunky Classic HD,local,/gamefile/spelunky.html,https://garbsoftball.com/png/games/spelunkyclassic.webp
"Starbound, Webport",local,/games/Starbound/index.html,https://garbsoftball.com/png/games/starbound.webp
"Stardew Valley, Webport",local,/games/stardew/index.html,https://garbsoftball.com/png/games/stardew.webp
Stick War: Legacy,local,/gamefile/stickwar.html,https://garbsoftball.com/png/games/stickwar.webp
"Stick With It, Webport",local,/games/stick/index.html,https://garbsoftball.com/png/games/stick.webp
Stickman Hook,local,/games/stickman-hook/index.html,https://garbsoftball.com/png/games/stickman.webp
Stumble Guys,proxy,https://nowgg.fun/apps/a/10011/b.html,https://garbsoftball.com/png/games/stumbleguys.webp
Subway Surfers,local,/games/subway-surfers/index.html,https://garbsoftball.com/png/games/sub.webp
"Super Flight, Webport",local,/games/superflight/index.html,https://garbsoftball.com/png/games/superflight.webp
Super Hot,local,/games/superhot/index.html,https://garbsoftball.com/png/games/superhot.webp
Super Meat Boy,local,/games/meatboy/index.html,https://garbsoftball.com/png/games/meat.webp
Super Monkey Ball 1 & 2,local,/gamefile/monk.html,https://garbsoftball.com/png/games/monkb.webp
Super Monkey Ball JR,local,/gamefile/supermonkey.html,https://garbsoftball.com/png/games/supermonkey.webp
Super Smash Flash,local,/gamefile/ssf.html,https://garbsoftball.com/png/games/supersmash.webp
Super Smash Flash 2,local,/gamefile/ssf2.html,https://garbsoftball.com/png/games/ssf2.webp
"Survivor.io, Webport",local,/gamefile/survivor.html,https://garbsoftball.com/png/games/survivorio.webp
Taiko No Tatsujini,local,/games/psp/tja/index.html,https://garbsoftball.com/png/games/taiko.webp
Tanuki Sunset,local,/games/tanukisunset/index.html,https://garbsoftball.com/png/games/tanukisunset.webp
"Tattle Tail, Webport",local,/games/tattletail/index.html,https://garbsoftball.com/png/games/tat.webp
"Tax Heaven 3000, Webport",local,/games/th3000/index.html,https://garbsoftball.com/png/games/th3000.webp
Ten Basket,local,/games/ten-basket/index.html,https://garbsoftball.com/png/games/ten.webp
"Terraria, Webport",local,/games/terraria/terraria-wrapper.html,https://garbsoftball.com/png/games/ter.webp
Tetris,local,/games/tetris/index.html,https://garbsoftball.com/png/games/tet.webp
Tetrisweeper,local,/games/tetrisweeper/,https://garbsoftball.com/png/games/tetriss.webp
The Binding Of Issac,local,/games/binding-of-isaac/index.html,https://garbsoftball.com/png/games/tboi.webp
The Binding Of Isaac Wrath Of The Lamb,local,/gamefile/tboiw.html,https://garbsoftball.com/png/games/tboiw.webp
The Binding Of Isaac Wrath Of The Lamb: Eternal,local,/gamefile/boilambeternal.html,https://garbsoftball.com/png/games/boilambeternal.webp
"The Binding Of Issac: Rebirth, Webport",local,/games/psp/tboir/index.html,https://garbsoftball.com/png/games/tboir.webp
"The Binding Of Issac: Repentance, Webport",local,/games/boir/index.html,https://garbsoftball.com/png/games/boir.webp
The Impossible Quiz,local,/games/theimpossiblequiz/index.html,https://garbsoftball.com/png/games/quiz.webp
The Impossible Quiz 2,local,/games/iq2/index.html,https://garbsoftball.com/png/games/impos2.webp
The Legend of Zelda Ocarina of Time,local,/gamefile/tloz.html,https://garbsoftball.com/png/games/tloz.webp
The Sims Mobile,proxy,https://nowgg.fun/apps/electronic-arts/2155/the-sims-mobile.html,https://garbsoftball.com/png/games/simsmobile.webp
"Thats Not My Neighbor, Webport",local,/gamefile/thatsnot.html,https://garbsoftball.com/png/games/thatsnot.webp
There Is No Game,local,/games/there-is-no-game/index.html,https://garbsoftball.com/png/games/ting.webp
Time Shooter 1,local,/gamefile/time1.html,https://garbsoftball.com/png/games/tim1.webp
Time Shooter 2,local,/games/timeshooter2/index.html,https://garbsoftball.com/png/games/tim2.webp
Time Shooter 3,local,/games/timeshoot3/index.html,https://garbsoftball.com/png/games/tim3.webp
Tiny Fishing,local,/games/tiny-fishing/index.html,https://garbsoftball.com/png/games/tiny.webp
"To The Core, Webport",local,/games/tothecore/index.html,https://garbsoftball.com/png/games/to.webp
Tomb Of The Mask,local,/games/tombofthemask/index.html,https://garbsoftball.com/png/games/tomb.webp
Tomodachi Collection,local,/gamefile/tomo.html,https://garbsoftball.com/png/games/tomo.webp
Toss The Turtle,local,/games/tosstheturtle/index.html,https://garbsoftball.com/png/games/ttt.webp
"Totally Acturate Battle Simulator, Webport",local,/games/tabs/index.html,https://garbsoftball.com/png/games/tabs.webp
Touhou 1 Touhou-Reiiden,local,/gamefile/touhou.html,https://garbsoftball.com/png/games/touhou1.webp
Touhou 2 Touhou-Fuumaroku,local,/gamefile/touhou2.html,https://garbsoftball.com/png/games/touhou2.webp
Touhou 3 Touhou-Yumejikuu,local,/gamefile/touhou3.html,https://garbsoftball.com/png/games/touhou3.webp
Touhou 4 Touhou-Gensokyou,local,/gamefile/touhou4.html,https://garbsoftball.com/png/games/touhou4.webp
Touhou 5 Touhou-Kaikidan,local,/gamefile/touhou5.html,https://garbsoftball.com/png/games/touhou5.webp
"Touhou Mother, Webport",local,/games/touhoumother/index.html,https://garbsoftball.com/png/games/touhou.webp
"Tree Hates You, Webport",local,/games/treehatesyou/index.html,https://garbsoftball.com/png/games/treehatesyou.webp
"Trombone Champ, Webport",local,/games/tchamp/index.html,https://garbsoftball.com/png/games/tchamp.webp
Tube Jumpers,local,/gamefile/tube.html,https://garbsoftball.com/png/games/tube.webp
"Tung Tung Basics, Webport",local,/games/tungtungbog/index.html,https://garbsoftball.com/png/games/tungtungbasics.webp
Tung Tung Horror,local,/gamefile/tung.html,https://garbsoftball.com/png/games/tung.webp
"Ultrakill, Webport",local,/games/thkill/index.html,https://garbsoftball.com/png/games/ultra.webp
"Ultrapool, Webport",local,/gamefile/ultrapool.html,https://garbsoftball.com/png/games/ultrapool.webp
Um Jammer Lammy,local,/gamefile/jemmer.html,https://garbsoftball.com/png/games/jammer.webp
"Undertale 10th Anniversary, Webport",local,/games/10th/index.html,https://garbsoftball.com/png/games/undertale10.webp
"Undertale, Webport",local,/gamefile/undertale.html,https://garbsoftball.com/png/games/uertale.webp
Undertale Last Breath,local,/gamefile/udlb.html,https://garbsoftball.com/png/games/udlb.webp
"Undertale Yellow, Webport",local,/games/uty/play.html,https://garbsoftball.com/png/games/udy.webp
"Untitled Goose Game, Webport",local,/games/UntitledGooseGameBog/index.html,https://garbsoftball.com/png/games/untitled.webp
"Vampire Survivors, Webport",local,/games/vampire/index.html,https://garbsoftball.com/png/games/vampire.webp
Vex,local,/games/vex/index.html,https://garbsoftball.com/png/games/vex.webp
Vex 2,local,/gamefile/vex2.html,https://garbsoftball.com/png/games/vex2.webp
Vex 3,local,/games/vex3/index.html,https://garbsoftball.com/png/games/vex3.webp
Vex 4,local,/games/vex4/index.html,https://garbsoftball.com/png/games/vex4.webp
Vex 5,local,/games/vex5/index.html,https://garbsoftball.com/png/games/vex5.webp
Vex 6,local,/gamefile/vex6.html,https://garbsoftball.com/png/games/vex6.webp
Vex 7,local,/gamefile/vex7.html,https://garbsoftball.com/png/games/vex7.webp
Vex 8,local,/gamefile/vex8.html,https://garbsoftball.com/png/games/vex8.webp
"Vib-Ribbon, Webport",local,/gamefile/vib.html,https://garbsoftball.com/png/games/vib.webp
Volley Random,local,/games/volley-random/index.html,https://garbsoftball.com/games/volley-random/splash.png
Warioware D.I.Y,local,/gamefile/wariowarediy.html,https://garbsoftball.com/png/games/wariowarediy.webp
We Become What We behold,local,/gamefile/wbwwb.html,https://garbsoftball.com/png/games/wbwwb.webp
Webdashers,local,/gamefile/gd.html,https://garbsoftball.com/png/games/webdashers.webp
"Webfishing, Webport",local,/games/webfishing/,https://garbsoftball.com/png/games/web.webp
"Who's Your Daddy, Webport",local,/games/whoseyourdaddy/index.html,https://garbsoftball.com/png/games/daddy.webp
"Windowkill, Webport",local,/games/windowkill/,https://garbsoftball.com/png/games/windowkill.webp
"Witch's Heart, Webport",local,/gamefile/witches.html,https://garbsoftball.com/png/games/witches.webp
"Worldbox, Webport",local,/games/worldbox/index.html,https://garbsoftball.com/png/games/worldbox.webp
Wordle,local,/games/wordle-unlimited/index.html,https://garbsoftball.com/png/games/world.webp
Worlds Hardest Game,local,/gamefile/twhg.html,https://garbsoftball.com/png/games/wrdd.webp
Worlds Hardest Game 2,local,/games/worlds-hardest-game-2/index.html,https://garbsoftball.com/games/worlds-hardest-game-2/the-worlds-hardest-game-2.jpg
Worlds Hardest Game 3,local,/games/worlds-hardest-game-3/index.html,https://garbsoftball.com/png/games/3.webp
Worlds Hardest Game 4,local,/games/worlds-hardest-game-4/index.html,https://garbsoftball.com/png/games/whg4.webp
Woody's Incredible Journey To The Escape From Eternal Terror,local,/games/WIJ/index.html,https://garbsoftball.com/png/games/WIJ.webp
"Yandere Simulator, Webport",local,/gamefile/yandere.html,https://garbsoftball.com/png/games/yandere.webp
Yoked,local,/gamefile/yoked.html,https://garbsoftball.com/png/games/yoked.webp
"Your Only Move Is HUSTLE, YOMI Hustle, Webport",local,/games/YOMIHustle/index.html,https://garbsoftball.com/png/games/YOMI.webp
Venge.io,proxy,https://iogamesio.org/vengeio.embed,https://garbsoftball.com/png/games/vengoio.webp
"Yume Nikki, Webport",local,/gamefile/yume.html,https://garbsoftball.com/png/games/yumi.webp
Zombs Royale,proxy,https://zombsroyale.io/,https://garbsoftball.com/png/games/zombs.webp
Zuma,local,/games/zuma/index.html,https://garbsoftball.com/png/games/zuma.webp
